blog_id,blog_image,blog_title,blog_description,published_at,doctor_id
1,./blogPics/CNV.jpg,"<h1>Understanding CNV (Choroidal Neovascularization)</h1>", "<h2><b>Introduction:</b></h2>
<p>Choroidal Neovascularization (CNV) is a serious eye condition that affects the retina leading to vision loss if left untreated. Understanding the causes, symptoms, and treatment options for CNV is crucial for early detection and management.</p>
<h2><b>What is CNV?</b></h2>
<p>CNV occurs when abnormal blood vessels grow beneath the retina and the macula. These vessels can leak fluid and blood causing scarring and damage to the retina which ultimately affects vision.</p>
<h2><b>Causes:</b></h2>
<ul>
  <li>Age-related macular degeneration (AMD)</li>
  <li>Pathological myopia (severe nearsightedness)</li>
  <li>Ocular trauma</li>
  <li>Inflammatory diseases of the eye</li>
</ul>
<h2><b>Symptoms:</b></h2>
<ul>
  <li>Distorted vision (metamorphopsia)</li>
  <li>Blurred vision</li>
  <li>Dark spots in central vision</li>
  <li>Sudden vision loss</li>
</ul>
<h2><b>Treatment Options:</b></h2>
<ul>
  <li>Anti-VEGF Injections: These drugs inhibit the growth of abnormal blood vessels.</li>
  <li>Laser Therapy: Used to seal leaking blood vessels.</li>
  <li>Photodynamic Therapy: Combines a light-sensitive drug with laser treatment.</li>
</ul>
<h2><b>Conclusion:</b></h2>
<p>Regular eye exams are essential for early detection of CNV. If you experience any symptoms consult an eye care professional promptly to prevent severe vision loss.</p>",2024-07-01,1
2,./blogPics/drusen.jpg,"<h1>What are Drusen and How Do They Affect Vision?</h1>", "<h2><b>Introduction:</b></h2>
<p>Drusen are tiny yellow or white deposits that form under the retina often associated with aging and age-related macular degeneration (AMD). Understanding their types and impact on vision can help in managing eye health effectively.</p>
<h2><b>What is Drusen?</b></h2>
<p>Drusen are accumulations of extracellular material that build up between Bruch's membrane and the retinal pigment epithelium of the eye. There are two types of drusen: hard and soft.</p>
<h2><b>Types of Drusen:</b></h2>
<ul>
  <li>Hard Drusen: Small, distinct and less likely to cause vision problems.</li>
  <li>Soft Drusen: Larger, less distinct and associated with a higher risk of developing AMD.</li>
</ul>
<h2><b>Impact on Vision:</b></h2>
<ul>
  <li>Small drusen usually do not cause vision problems.</li>
  <li>Large and numerous drusen are associated with AMD and can lead to central vision loss.</li>
</ul>
<h2><b>Detection and Monitoring:</b></h2>
<p>Regular eye exams including retinal imaging are crucial for detecting and monitoring drusen especially for individuals at risk of AMD.</p>
<h2><b>Conclusion:</b></h2>
<p>Maintaining a healthy lifestyle including a balanced diet and avoiding smoking can help reduce the risk of developing drusen-related eye conditions. Consult your eye care provider for regular check-ups and personalized advice.</p>",2024-07-02,1
3,./blogPics/DME.jpg,"<h1>Diabetic Macular Edema (DME) - Symptoms and Treatment</h1>", "<h2><b>Introduction:</b></h2>
<p>Diabetic Macular Edema (DME) is a complication of diabetes that affects the macula leading to vision impairment. Understanding its symptoms and treatment options is vital for individuals with diabetes.</p>
<h2><b>What is DME?</b></h2>
<p>DME occurs when high blood sugar levels damage the blood vessels in the retina causing fluid to leak into the macula. This swelling can lead to blurred and distorted vision.</p>
<h2><b>Symptoms:</b></h2>
<ul>
  <li>Blurry or wavy central vision</li>
  <li>Colors appearing washed out</li>
  <li>Difficulty reading or seeing details</li>
</ul>
<h2><b>Risk Factors:</b></h2>
<ul>
  <li>Poor blood sugar control</li>
  <li>Long duration of diabetes</li>
  <li>High blood pressure</li>
  <li>High cholesterol levels</li>
</ul>
<h2><b>Treatment Options:</b></h2>
<ul>
  <li>Anti-VEGF Injections: Medications that reduce fluid leakage and swelling.</li>
  <li>Corticosteroids: Injections or implants to reduce inflammation.</li>
  <li>Laser Photocoagulation: Seals leaking blood vessels to prevent further fluid accumulation.</li>
</ul>
<h2><b>Conclusion:</b></h2>
<p>Managing diabetes through proper diet, exercise and medication is crucial in preventing DME. Regular eye exams can help detect early signs of DME and initiate timely treatment to preserve vision.</p>",2024-07-03,3
4,./blogPics/maintain.jpg,"<h1>How to Maintain Healthy Vision</h1>", "<h2><b>Introduction:</b></h2>
<p>Maintaining healthy vision is essential for overall well-being. By adopting good habits and making lifestyle changes you can protect your eyes and reduce the risk of vision problems.</p>
<h2><b>Tips for Healthy Vision:</b></h2>
<ul>
  <li>Regular Eye Exams: Schedule comprehensive eye exams annually to detect and address issues early.</li>
  <li>Balanced Diet: Eat foods rich in vitamins A, C and E and omega-3 fatty acids. Leafy greens, fish and carrots are excellent choices.</li>
  <li>Protect Your Eyes: Wear sunglasses with UV protection and safety glasses when necessary.</li>
  <li>Limit Screen Time: Follow the 20-20-20 rule to reduce digital eye strain—every 20 minutes look at something 20 feet away for 20 seconds.</li>
  <li>Stay Hydrated: Drink plenty of water to keep your eyes hydrated.</li>
  <li>Avoid Smoking: Smoking increases the risk of cataracts and AMD.</li>
  <li>Manage Health Conditions: Keep diabetes, hypertension and cholesterol under control.</li>
</ul>
<h2><b>Conclusion:</b></h2>
<p>Incorporating these habits into your daily routine can help maintain your eye health and ensure good vision for years to come. Consult your eye care professional for personalized advice and regular check-ups.</p>",2024-07-04,3
5,./blogPics/importance.jpg,"<h1>The Importance of Regular Eye Exams</h1>", "<h2><b>Introduction:</b></h2>
<p>Regular eye exams are vital for maintaining good vision and detecting eye conditions early. Understanding what to expect during an eye exam can help you stay proactive about your eye health.</p>
<h2><b>Why Regular Eye Exams Matter:</b></h2>
<ul>
  <li>Early Detection: Eye exams can reveal early signs of conditions like glaucoma, cataracts, AMD and diabetic retinopathy.</li>
  <li>Overall Health Check: Eye exams can also detect systemic conditions like diabetes and hypertension.</li>
  <li>Vision Correction: Update prescriptions for glasses or contact lenses to ensure optimal vision.</li>
</ul>
<h2><b>What to Expect During an Eye Exam:</b></h2>
<ul>
  <li>Visual Acuity Test: Measures how well you see at various distances.</li>
  <li>Refraction Test: Determines your exact prescription for glasses or contact lenses.</li>
  <li>Eye Health Evaluation: Includes dilating your pupils to examine the retina and optic nerve.</li>
  <li>Glaucoma Test: Measures intraocular pressure to detect glaucoma.</li>
</ul>
<h2><b>Conclusion:</b></h2>
<p>Schedule regular eye exams to keep your vision sharp and monitor for any changes. Early detection of eye conditions can prevent serious complications and ensure effective treatment.</p>",2024-07-05,1
6,./blogPics/common.jpg,"<h1>Common Eye Diseases and Their Symptoms</h1>", "<h2><b>Introduction:</b></h2>
<p>Awareness of common eye diseases and their symptoms is crucial for early detection and treatment. Here are some prevalent eye conditions and what to look out for.</p>
<h2><b>Glaucoma:</b></h2>
<ul>
  <li>Symptoms: Often asymptomatic in early stages but can cause peripheral vision loss.</li>
  <li>Treatment: Medications, laser therapy or surgery to lower intraocular pressure.</li>
</ul>
<h2><b>Cataracts:</b></h2>
<ul>
  <li>Symptoms: Blurred vision, glare and difficulty seeing at night.</li>
  <li>Treatment: Surgery to replace the clouded lens with an artificial one.</li>
</ul>
<h2><b>Age-related Macular Degeneration (AMD):</b></h2>
<ul>
  <li>Symptoms: Blurred or distorted central vision.</li>
  <li>Treatment: Anti-VEGF injections, laser therapy and lifestyle changes.</li>
</ul>
<h2><b>Diabetic Retinopathy:</b></h2>
<ul>
  <li>Symptoms: Spots or floaters, blurred vision and dark areas in vision.</li>
  <li>Treatment: Laser therapy, anti-VEGF injections and blood sugar management.</li>
</ul>
<h2><b>Conclusion:</b></h2>
<p>Regular eye exams and being vigilant about changes in your vision can help detect these conditions early. Consult your eye care provider if you experience any symptoms.</p>",2024-07-06,
7,./blogPics/advances.jpg,"<h1>Advances in Eye Care Technology</h1>", "<h2><b>Introduction:</b></h2>
<p>The field of eye care is constantly evolving with new technologies that enhance diagnosis and treatment. Here are some recent advancements that are transforming eye care.</p>
<h2><b>Latest Technologies:</b></h2>
<ul>
  <li>Optical Coherence Tomography (OCT): Provides detailed cross-sectional images of the retina aiding in the diagnosis and monitoring of conditions like AMD and glaucoma.</li>
  <li>Laser-Assisted Cataract Surgery: Uses lasers to perform precise and minimally invasive cataract surgery.</li>
  <li>Anti-VEGF Therapy: Revolutionary treatments for retinal diseases like AMD and DME.</li>
  <li>Teleophthalmology: Enables remote diagnosis and consultation increasing accessibility to eye care.</li>
</ul>
<h2><b>Benefits of New Technologies:</b></h2>
<ul>
  <li>Improved Accuracy: Advanced imaging and diagnostic tools lead to more accurate diagnoses.</li>
  <li>Minimally Invasive Treatments: New surgical techniques reduce recovery time and improve outcomes.</li>
  <li>Increased Accessibility: Teleophthalmology provides access to eye care for remote and underserved populations.</li>
</ul>
<h2><b>Conclusion:</b></h2>
<p>Staying informed about the latest eye care technologies can help you take advantage of improved diagnostic and treatment options. Consult your eye care provider to learn more about these advancements.</p>",2024-07-07,2
8,./blogPics/protect.jpg,"<h1>How to Protect Your Eyes from Digital Strain</h1>", "<h2><b>Introduction:</b></h2>
<p>Prolonged screen time can lead to digital eye strain also known as computer vision syndrome. Here are some tips to protect your eyes from the strain caused by digital devices.</p>
<h2><b>Tips to Reduce Digital Eye Strain:</b></h2>
<ul>
  <li>Follow the 20-20-20 Rule: Every 20 minutes take a 20-second break and look at something 20 feet away.</li>
  <li>Adjust Your Screen: Position your screen about 20-24 inches from your eyes and slightly below eye level.</li>
  <li>Use Proper Lighting: Avoid glare by using proper lighting and adjusting screen brightness.</li>
  <li>Blink More Often: Blinking helps keep your eyes moist and reduces dryness.</li>
  <li>Use Blue Light Filters: Consider using blue light filters or glasses to reduce eye strain from digital screens.</li>
</ul>
<h2><b>Ergonomic Tips:</b></h2>
<ul>
  <li>Chair and Desk Setup: Ensure your chair supports your back and your feet rest flat on the floor. Your desk should be at a comfortable height.</li>
  <li>Screen Position: Place your screen directly in front of you to avoid neck and back strain.</li>
</ul>
<h2><b>Conclusion:</b></h2>
<p>Incorporating these tips into your daily routine can help reduce digital eye strain and protect your vision. Regular eye exams can also ensure your eyes are healthy and your vision is clear.</p>",2024-07-08,
9,./blogPics/children.jpg,"<h1>Children's Eye Health: What Parents Should Know</h1>", "<h2><b>Introduction:</b></h2>
<p>Ensuring children's eye health is crucial for their overall development and learning. Here’s what parents need to know about common eye issues in children and how to promote good eye health habits.</p>
<h2><b>Common Eye Issues in Children:</b></h2>
<ul>
  <li>Amblyopia (Lazy Eye): Reduced vision in one eye due to improper visual development.</li>
  <li>Strabismus (Crossed Eyes): Misalignment of the eyes.</li>
  <li>Refractive Errors: Nearsightedness, farsightedness and astigmatism.</li>
</ul>
<h2><b>Promoting Good Eye Health Habits:</b></h2>
<ul>
  <li>Regular Eye Exams: Schedule comprehensive eye exams for early detection of issues.</li>
  <li>Healthy Diet: Ensure a diet rich in fruits, vegetables and omega-3 fatty acids.</li>
  <li>Limit Screen Time: Encourage outdoor activities to reduce the risk of myopia.</li>
  <li>Protective Eyewear: Use appropriate eyewear for sports and outdoor activities.</li>
</ul>
<h2><b>When to See an Eye Doctor:</b></h2>
<ul>
  <li>Frequent eye rubbing</li>
  <li>Squinting or tilting the head</li>
  <li>Difficulty reading or seeing distant objects</li>
  <li>Complaints of headaches or eye strain</li>
</ul>
<h2><b>Conclusion:</b></h2>
<p>By fostering good eye health habits and ensuring regular eye check-ups parents can help their children maintain healthy vision and overall well-being. Consult your eye care provider for personalized advice.</p>",2024-07-09,3
10,./blogPics/living.jpg,"<h1>Living with Low Vision: Tips and Resources</h1>", "<h2><b>Introduction:</b></h2>
<p>Living with low vision can be challenging but with the right resources and strategies individuals can maintain their independence and quality of life. Here are some practical tips and resources for managing low vision.</p>
<h2><b>Tips for Managing Low Vision:</b></h2>
<ul>
  <li>Use Assistive Devices: Magnifiers, screen readers and talking clocks can help with daily tasks.</li>
  <li>Optimize Lighting: Ensure good lighting in your home to reduce glare and shadows.</li>
  <li>High-Contrast Items: Use high-contrast items such as white plates on a dark tablecloth to improve visibility.</li>
  <li>Organize Your Space: Keep frequently used items in designated places to find them easily.</li>
  <li>Large Print Materials: Use large print books, labels and digital devices with adjustable font sizes.</li>
</ul>
<h2><b>Resources for Low Vision:</b></h2>
<ul>
  <li>Low Vision Rehabilitation: Services that help individuals adapt to vision loss through training and support.</li>
  <li>Support Groups: Connect with others who have similar experiences for emotional support and practical advice.</li>
  <li>Professional Help: Consult a low vision specialist for personalized recommendations and resources.</li>
</ul>
<h2><b>Conclusion:</b></h2>
<p>Living with low vision requires adjustments but with the right tools and support individuals can lead fulfilling lives. Seek out resources and professional help to navigate the challenges of low vision effectively.</p>",2024-07-10,2